0 00000000000000000000000001000000, 0.000000, 0.000000, 0.00, -76, 9
0 00000000000000000000000001000000, 0.000000, 0.000000, -2.69, -82, 9
0 00000000000000000000000001000000, 0.000000, 0.000000, -2.09, -76, 9
0 00000000000000000000000001000000, 0.000000, 0.000000, -2.28, -79, 10
0 00000000000000000000000001000000, 0.000000, 0.000000, -2.35, -82, 9
0 00000000000000000000000001000000, 0.000000, 0.000000, -2.17, -76, 10
0 00000000000000000000000001000000, 0.000000, 0.000000, -2.19, -75, 11
0 00000000000000000000000001000000, 0.000000, 0.000000, -1.91, -75, 11
0 00000000000000000000000001000000, 0.000000, 0.000000, -1.98, -74, 11
0 00000000000000000000000001000000, 0.000000, 0.000000, -1.67, -73, 11
0 00000000000000000000000001000000, 0.000000, 0.000000, -1.45, -74, 14
0 00000000000000000000000001000000, 0.000000, 0.000000, -1.35, -75, 11
0 00000000000000000000000001000000, 0.000000, 0.000000, -1.40, -85, 11
0 00000000000000000000000001000000, 0.000000, 0.000000, -1.25, -74, 11
0 00000000000000000000000001000000, 0.000000, 0.000000, -1.42, -82, 12
0 00000000000000000000000001000000, 0.000000, 0.000000, -1.52, -77, 12
0 00000000000000000000000001000000, 0.000000, 0.000000, -1.87, -78, 13
0 00000000000000000000000001000000, 0.000000, 0.000000, -1.84, -80, 11
0 00000000000000000000000001000000, 0.000000, 0.000000, -1.90, -76, 12
0 00000000000000000000000001000000, 0.000000, 0.000000, -2.05, -75, 13
0 00000000000000000000000001000000, 0.000000, 0.000000, -2.30, -79, 11
0 00000000000000000000000001000000, 0.000000, 0.000000, -2.25, -77, 11
0 00000000000000000000000001000000, 0.000000, 0.000000, -1.99, -77, 11
0 00000000000000000000000001000000, 0.000000, 0.000000, -2.46, -77, 12
0 00000000000000000000000001000000, 0.000000, 0.000000, -2.76, -75, 11
0 00000000000000000000000001000000, 0.000000, 0.000000, -2.88, -78, 12
0 00000000000000000000000001000000, 0.000000, 0.000000, -2.76, -77, 10
0 00000000000000000000000001000000, 0.000000, 0.000000, -2.55, -79, 13
0 00000000000000000000000001000000, 0.000000, 0.000000, -2.57, -82, 10
0 00000000000000000000000001000000, 0.000000, 0.000000, -2.50, -79, 11
0 00000000000000000000000001000000, 0.000000, 0.000000, -2.21, -76, 12
0 00000000000000000000000001000000, 0.000000, 0.000000, -2.49, -78, 16
0 00000000000000000000000001000000, 0.000000, 0.000000, -2.45, -83, 13
0 00000000000000000000000001000000, 0.000000, 0.000000, -2.57, -79, 16
0 00000000000000000000000001000000, 0.000000, 0.000000, -2.51, -82, 10
0 00000000000000000000000001000000, 0.000000, 0.000000, -2.48, -81, 11
0 00000000000000000000000001000000, 0.000000, 0.000000, -2.60, -79, 13
0 00000000000000000000000001000000, 0.000000, 0.000000, -2.55, -81, 12
0 00000000000000000000000001000000, 0.000000, 0.000000, -2.34, -80, 12
0 00000000000000000000000001000000, 0.000000, 0.000000, -2.46, -80, 13
0 00000000000000000000000001000000, 0.000000, 0.000000, -2.54, -76, 12
0 00000000000000000000000001000000, 0.000000, 0.000000, -2.60, -79, 13
0 00000000000000000000000001000000, 0.000000, 0.000000, -2.27, -76, 12
0 00000000000000000000000001000000, 0.000000, 0.000000, -2.21, -78, 15
0 00000000000000000000000001000000, 0.000000, 0.000000, -2.32, -78, 16
0 00000000000000000000000001000000, 0.000000, 0.000000, -2.54, -77, 12
0 00000000000000000000000001000000, 0.000000, 0.000000, -2.66, -76, 11
0 00000000000000000000000001000000, 0.000000, 0.000000, -2.51, -78, 11
0 00000000000000000000000001000000, 0.000000, 0.000000, -2.65, -77, 13
0 00000000000000000000000001000000, 0.000000, 0.000000, -2.53, -80, 13
0 00000000000000000000000001000000, 0.000000, 0.000000, -2.48, -79, 14
0 00000000000000000000000001000000, 0.000000, 0.000000, -2.64, -78, 15
0 00000000000000000000000001000000, 0.000000, 0.000000, -2.72, -78, 16
0 00000000000000000000000001000000, 0.000000, 0.000000, -2.56, -81, 12
0 00000000000000000000000001000000, 0.000000, 0.000000, -2.63, -81, 12
0 00000000000000000000000001000000, 0.000000, 0.000000, -2.71, -81, 11
0 00000000000000000000000001000000, 0.000000, 0.000000, -2.76, -82, 12
0 00000000000000000000000001000000, 0.000000, 0.000000, -2.79, -90, 13
0 00000000000000000000000001000000, 0.000000, 0.000000, -2.32, -75, 11
0 00000000000000000000000001000000, 0.000000, 0.000000, -2.39, -77, 12
0 00000000000000000000000001000000, 0.000000, 0.000000, -2.26, -77, 14
0 00000000000000000000000001000000, 0.000000, 0.000000, -1.93, -77, 14
0 00000000000000000000000001000000, 0.000000, 0.000000, -1.76, -82, 12
0 00000000000000000000000001000000, 0.000000, 0.000000, -1.47, -83, 14
0 00000000000000000000000001000000, 0.000000, 0.000000, -1.56, -86, 11
0 00000000000000000000000001000000, 0.000000, 0.000000, 1.87, -97, 10
0 00000000000000000000000001000000, 0.000000, 0.000000, 45.34, -104, 9
2 00000000000000000000000001000000, 0.000000, 0.000000, 162.28, -121, 252
2 00000000000000000000000001000000, 0.000000, 0.000000, 408.10, -127, 247
2 00000000000000000000000001000000, 0.000000, 0.000000, 705.04, -122, 252
2 00000000000000000000000001000000, 0.000000, 0.000000, 991.83, -128, 246
2 00000000000000000000000001000000, 0.000000, 0.000000, 1250.24, -131, 244
2 00000000000000000000000001000000, 0.000000, 0.000000, 1665.78, -120, 254
2 00000000000000000000000001000000, 0.000000, 0.000000, 1830.63, -121, 253
2 00000000000000000000000001000000, 0.000000, 0.000000, 1967.74, -124, 251
2 00000000000000000000000001000000, 0.000000, 0.000000, 2083.18, -123, 252
2 00000000000000000000000001000000, 0.000000, 0.000000, 2182.82, -121, 253
2 00000000000000000000000001000000, 0.000000, 0.000000, 2269.76, -119, 255
2 00000000000000000000000001000000, 0.000000, 0.000000, 2343.69, -118, 0
2 00000000000000000000000001000000, 0.000000, 0.000000, 2409.48, -116, 0
2 00000000000000000000000001000000, 0.000000, 0.000000, 2466.68, -118, 0
2 00000000000000000000000001000000, 0.000000, 0.000000, 2512.67, -130, 245
2 00000000000000000000000001000000, 0.000000, 0.000000, 2549.08, -115, 0
2 00000000000000000000000001000000, 0.000000, 0.000000, 2575.45, -118, 0
2 00000000000000000000000001000000, 0.000000, 0.000000, 2592.73, -112, 6
2 00000000000000000000000001000000, 0.000000, 0.000000, 2600.99, -108, 9
2 00000000000000000000000001000000, 0.000000, 0.000000, 2599.57, -107, 9
2 00000000000000000000000001000000, 0.000000, 0.000000, 2590.79, -119, 254
2 00000000000000000000000001000000, 0.000000, 0.000000, 2576.23, -116, 0
3 00000000000000000000000001000000, 0.000000, 0.000000, 2559.99, -113, 5
3 00000000000000000000000001000000, 0.000000, 0.000000, 2542.34, -112, 5
3 00000000000000000000000001000000, 0.000000, 0.000000, 2506.73, -113, 4
3 00000000000000000000000001000000, 0.000000, 0.000000, 2488.39, -130, 244
3 00000000000000000000000001000000, 0.000000, 0.000000, 2472.69, -115, 0
3 00000000000000000000000001000000, 0.000000, 0.000000, 2456.22, -123, 250
3 00000000000000000000000001000000, 0.000000, 0.000000, 2438.97, -110, 7
3 00000000000000000000000001000000, 0.000000, 0.000000, 2423.14, -125, 249
3 00000000000000000000000001000000, 0.000000, 0.000000, 2398.85, -116, 0
3 00000000000000000000000001000000, 0.000000, 0.000000, 2382.73, -119, 254
3 00000000000000000000000001000000, 0.000000, 0.000000, 2350.33, -110, 8
3 00000000000000000000000001000000, 0.000000, 0.000000, 2338.43, -111, 7
3 00000000000000000000000001000000, 0.000000, 0.000000, 2299.72, -110, 8
3 00000000000000000000000001000000, 0.000000, 0.000000, 2285.45, -114, 2
3 00000000000000000000000001000000, 0.000000, 0.000000, 2272.51, -114, 5
3 00000000000000000000000001000000, 0.000000, 0.000000, 2247.32, -117, 2
3 00000000000000000000000001000000, 0.000000, 0.000000, 2233.70, -115, 4
33 00000000000000000000000001000000, 0.000000, 0.000000, 2199.27, -110, 8
3 00000000000000000000000001000000, 0.000000, 0.000000, 2185.55, -112, 7
3 00000000000000000000000001000000, 0.000000, 0.000000, 2173.85, -117, 2
3 00000000000000000000000001000000, 0.000000, 0.000000, 2158.23, -117, 1
3 00000000000000000000000001000000, 0.000000, 0.000000, 2144.27, -116, 2
3 00000000000000000000000001000000, 0.000000, 0.000000, 2130.09, -111, 6
3 00000000000000000000000001000000, 0.000000, 0.000000, 2115.59, -110, 8
3 00000000000000000000000001000000, 0.000000, 0.000000, 2090.34, -114, 1
3 00000000000000000000000001000000, 0.000000, 0.000000, 2076.24, -112, 6
3 00000000000000000000000001000000, 0.000000, 0.000000, 2059.30, -121, 253
3 00000000000000000000000001000000, 0.000000, 0.000000, 2044.44, -113, 4
3 00000000000000000000000001000000, 0.000000, 0.000000, 2031.99, -114, 4
3 00000000000000000000000001000000, 0.000000, 0.000000, 2006.26, -125, 249
3 00000000000000000000000001000000, 0.000000, 0.000000, 1991.69, -111, 4
3 00000000000000000000000001000000, 0.000000, 0.000000, 1976.43, -110, 7
3 00000000000000000000000001000000, 0.000000, 0.000000, 1961.36, -105, 12
3 00000000000000000000000001000000, 0.000000, 0.000000, 1949.09, -108, 8
3 00000000000000000000000001000000, 0.000000, 0.000000, 1937.95, -115, 1
3 00000000000000000000000001000000, 0.000000, 0.000000, 1920.16, -109, 7
3 00000000000000000000000001000000, 0.000000, 0.000000, 1903.41, -113, 4
3 00000000000000000000000001000000, 0.000000, 0.000000, 1887.63, -113, 4
3 00000000000000000000000001000000, 0.000000, 0.000000, 1873.68, -120, 254
3 00000000000000000000000001000000, 0.000000, 0.000000, 1858.44, -113, 4
3 00000000000000000000000001000000, 0.000000, 0.000000, 1830.78, -109, 8
3 00000000000000000000000001000000, 0.000000, 0.000000, 1816.68, -109, 8
3 00000000000000000000000001000000, 0.000000, 0.000000, 1802.75, -116, 0
3 00000000000000000000000001000000, 0.000000, 0.000000, 1786.38, -115, 1
3 00000000000000000000000001000000, 0.000000, 0.000000, 1757.80, -110, 7
3 00000000000000000000000001000000, 0.000000, 0.000000, 1745.19, -111, 8
3 00000000000000000000000001000000, 0.000000, 0.000000, 1732.19, -110, 7
3 00000000000000000000000001000000, 0.000000, 0.000000, 1718.34, -107, 8
3 00000000000000000000000001000000, 0.000000, 0.000000, 1703.44, -110, 7
3 00000000000000000000000001000000, 0.000000, 0.000000, 1690.54, -112, 4
3 00000000000000000000000001000000, 0.000000, 0.000000, 1677.17, -110, 8
3 00000000000000000000000001000000, 0.000000, 0.000000, 1660.25, -119, 254
3 00000000000000000000000001000000, 0.000000, 0.000000, 1643.20, -112, 5
3 00000000000000000000000001000000, 0.000000, 0.000000, 1629.86, -108, 9
3 00000000000000000000000001000000, 0.000000, 0.000000, 1612.50, -113, 4
3 00000000000000000000000001000000, 0.000000, 0.000000, 1598.73, -120, 254
3 00000000000000000000000001000000, 0.000000, 0.000000, 1586.73, -115, 0
3 00000000000000000000000001000000, 0.000000, 0.000000, 1576.13, -112, 6
3 00000000000000000000000001000000, 0.000000, 0.000000, 1562.88, -111, 5
3 00000000000000000000000001000000, 0.000000, 0.000000, 1549.15, -109, 8
3 00000000000000000000000001000000, 0.000000, 0.000000, 1534.92, -112, 7
3 00000000000000000000000001000000, 0.000000, 0.000000, 1519.18, -113, 5
3 00000000000000000000000001000000, 0.000000, 0.000000, 1502.69, -111, 7
3 00000000000000000000000001000000, 0.000000, 0.000000, 1485.62, -109, 8
3 00000000000000000000000001000000, 0.000000, 0.000000, 1470.38, -114, 2
3 00000000000000000000000001000000, 0.000000, 0.000000, 1444.26, -113, 5
3 00000000000000000000000001000000, 0.000000, 0.000000, 1431.02, -109, 8
3 00000000000000000000000001000000, 0.000000, 0.000000, 1417.25, -109, 8
3 00000000000000000000000001000000, 0.000000, 0.000000, 1374.58, -110, 9
3 00000000000000000000000001000000, 0.000000, 0.000000, 1359.67, -121, 253
3 00000000000000000000000001000000, 0.000000, 0.000000, 1344.27, -116, 0
3 00000000000000000000000001000000, 0.000000, 0.000000, 1329.36, -111, 6
3 00000000000000000000000001000000, 0.000000, 0.000000, 1317.34, -113, 2
3 00000000000000000000000001000000, 0.000000, 0.000000, 1303.54, -110, 7
3 00000000000000000000000001000000, 0.000000, 0.000000, 1287.56, -109, 8
3 00000000000000000000000001000000, 0.000000, 0.000000, 1271.03, -113, 4
3 00000000000000000000000001000000, 0.000000, 0.000000, 1255.95, -114, 3
3 00000000000000000000000001000000, 0.000000, 0.000000, 1242.22, -114, 3
3 00000000000000000000000001000000, 0.000000, 0.000000, 1230.25, -109, 8
3 00000000000000000000000001000000, 0.000000, 0.000000, 1218.76, -112, 5
3 00000000000000000000000001000000, 0.000000, 0.000000, 1205.92, -113, 5
3 00000000000000000000000001000000, 0.000000, 0.000000, 1188.77, -115, 4
3 00000000000000000000000001000000, 0.000000, 0.000000, 1172.89, -114, 1
3 00000000000000000000000001000000, 0.000000, 0.000000, 1160.43, -111, 6
3 00000000000000000000000001000000, 0.000000, 0.000000, 1130.71, -115, 0
3 00000000000000000000000001000000, 0.000000, 0.000000, 1116.28, -110, 8
3 00000000000000000000000001000000, 0.000000, 0.000000, 1102.87, -110, 7
3 00000000000000000000000001000000, 0.000000, 0.000000, 1088.09, -111, 5
3 00000000000000000000000001000000, 0.000000, 0.000000, 1073.22, -112, 4
3 00000000000000000000000001000000, 0.000000, 0.000000, 1058.54, -113, 5
3 00000000000000000000000001000000, 0.000000, 0.000000, 1033.29, -116, 0
3 00000000000000000000000001000000, 0.000000, 0.000000, 1020.81, -110, 8
3 00000000000000000000000001000000, 0.000000, 0.000000, 1008.10, -105, 11
3 00000000000000000000000001000000, 0.000000, 0.000000, 981.59, -114, 0
3 00000000000000000000000001000000, 0.000000, 0.000000, 967.20, -110, 7
3 00000000000000000000000001000000, 0.000000, 0.000000, 951.52, -115, 0
3 00000000000000000000000001000000, 0.000000, 0.000000, 931.86, -113, 4
3 00000000000000000000000001000000, 0.000000, 0.000000, 914.71, -108, 8
3 00000000000000000000000001000000, 0.000000, 0.000000, 900.09, -109, 8
3 00000000000000000000000001000000, 0.000000, 0.000000, 886.14, -112, 6
3 00000000000000000000000001000000, 0.000000, 0.000000, 872.43, -115, 2
3 00000000000000000000000001000000, 0.000000, 0.000000, 859.30, -106, 9
3 00000000000000000000000001000000, 0.000000, 0.000000, 848.11, -104, 11
3 00000000000000000000000001000000, 0.000000, 0.000000, 833.52, -103, 10
3 00000000000000000000000001000000, 0.000000, 0.000000, 816.51, -104, 13
3 00000000000000000000000001000000, 0.000000, 0.000000, 801.56, -104, 11
3 00000000000000000000000001000000, 0.000000, 0.000000, 788.39, -110, 7
3 00000000000000000000000001000000, 0.000000, 0.000000, 776.37, -109, 7
3 00000000000000000000000001000000, 0.000000, 0.000000, 766.14, -108, 9
3 00000000000000000000000001000000, 0.000000, 0.000000, 752.43, -112, 4
3 00000000000000000000000001000000, 0.000000, 0.000000, 736.43, -116, 1
3 00000000000000000000000001000000, 0.000000, 0.000000, 720.06, -116, 0
3 00000000000000000000000001000000, 0.000000, 0.000000, 692.33, -117, 0
3 00000000000000000000000001000000, 0.000000, 0.000000, 665.69, -105, 9
3 00000000000000000000000001000000, 0.000000, 0.000000, 652.36, -98, 11
3 00000000000000000000000001000000, 0.000000, 0.000000, 639.10, -105, 11
3 00000000000000000000000001000000, 0.000000, 0.000000, 623.20, -96, 11
3 00000000000000000000000001000000, 0.000000, 0.000000, 608.38, -96, 12
3 00000000000000000000000001000000, 0.000000, 0.000000, 598.52, -96, 11
3 00000000000000000000000001000000, 0.000000, 0.000000, 586.48, -99, 14
3 00000000000000000000000001000000, 0.000000, 0.000000, 571.65, -103, 9
3 00000000000000000000000001000000, 0.000000, 0.000000, 544.99, -111, 4
3 00000000000000000000000001000000, 0.000000, 0.000000, 533.49, -108, 8
3 00000000000000000000000001000000, 0.000000, 0.000000, 505.18, -99, 14
3 00000000000000000000000001000000, 0.000000, 0.000000, 493.12, -97, 10
3 00000000000000000000000001000000, 0.000000, 0.000000, 461.35, -113, 1
3 00000000000000000000000001000000, 0.000000, 0.000000, 445.03, -107, 6
3 00000000000000000000000001000000, 0.000000, 0.000000, 427.17, -105, 9
3 00000000000000000000000001000000, 0.000000, 0.000000, 414.29, -103, 11
3 00000000000000000000000001000000, 0.000000, 0.000000, 376.02, -105, 9
3 00000000000000000000000001000000, 0.000000, 0.000000, 362.77, -108, 8
3 00000000000000000000000001000000, 0.000000, 0.000000, 350.77, -105, 10
3 00000000000000000000000001000000, 0.000000, 0.000000, 314.88, -108, 7
3 00000000000000000000000001000000, 0.000000, 0.000000, 303.00, -102, 11
3 00000000000000000000000001000000, 0.000000, 0.000000, 291.29, -108, 8
3 00000000000000000000000001000000, 0.000000, 0.000000, 279.56, -108, 9
3 00000000000000000000000001000000, 0.000000, 0.000000, 267.49, -110, 8
3 00000000000000000000000001000000, 0.000000, 0.000000, 255.16, -113, 0
3 00000000000000000000000001000000, 0.000000, 0.000000, 243.93, -104, 11
3 00000000000000000000000001000000, 0.000000, 0.000000, 232.20, -107, 10
3 00000000000000000000000001000000, 0.000000, 0.000000, 218.74, -109, 7
3 00000000000000000000000001000000, 0.000000, 0.000000, 205.48, -113, 3
3 00000000000000000000000001000000, 0.000000, 0.000000, 193.26, -110, 8
3 00000000000000000000000001000000, 0.000000, 0.000000, 181.52, -113, 4
3 00000000000000000000000001000000, 0.000000, 0.000000, 170.41, -113, 3
3 00000000000000000000000001000000, 0.000000, 0.000000, 158.29, -109, 7
3 00000000000000000000000001000000, 0.000000, 0.000000, 146.77, -109, 8
3 00000000000000000000000001000000, 0.000000, 0.000000, 134.59, -119, 254
3 00000000000000000000000001000000, 0.000000, 0.000000, 109.05, -108, 8
3 00000000000000000000000001000000, 0.000000, 0.000000, 96.14, -109, 9
3 00000000000000000000000001000000, 0.000000, 0.000000, 83.88, -109, 8
3 00000000000000000000000001000000, 0.000000, 0.000000, 71.44, -108, 8
3 00000000000000000000000001000000, 0.000000, 0.000000, 58.88, -108, 7
3 00000000000000000000000001000000, 0.000000, 0.000000, 46.69, -112, 5
3 00000000000000000000000001000000, 0.000000, 0.000000, 34.30, -101, 13
3 00000000000000000000000001000000, 0.000000, 0.000000, 21.25, -94, 14
3 00000000000000000000000001000000, 0.000000, 0.000000, 8.53, -101, 11
3 00000000000000000000000001000000, 0.000000, 0.000000, -2.97, -111, 6
3 00000000000000000000000000000000, 55.720284, -4.799893, -25.55, -130, 244
4 00000000000000100000000000000000, 55.719654, -4.799602, -38.16, -128, 246
4 00000000000000100000000000000000, 55.719654, -4.799602, -38.05, -135, 239
4 00000000000000100000000000000000, 55.719654, -4.799602, -37.83, -132, 241
4 00000000000000100000000000000000, 55.719654, -4.799602, -37.67, -133, 239
4 00000000000000100000000000000000, 55.719654, -4.799602, -37.67, -128, 245
4 00000000000000100000000000000000, 55.719654, -4.799602, -38.15, -133, 240
4 00000000000000100000000000000000, 55.719654, -4.799602, -38.14, -129, 244
4 00000000000000100000000000000000, 55.719654, -4.799602, -38.33, -128, 245
4 00000000000000100000000000000000, 55.719654, -4.799602, -38.21, -126, 246
4 00000000000000100000000000000000, 55.719654, -4.799602, -38.39, -125, 247
4 00000000000000100000000000000000, 55.719654, -4.799602, -38.43, -124, 250
4 00000000000000100000000000000000, 55.719654, -4.799602, -38.46, -133, 239
4 00000000000000100000000000000000, 55.719654, -4.799602, -38.53, -130, 244
4 00000000000000100000000000000000, 55.719654, -4.799602, -38.50, -127, 245
4 00000000000000100000000000000000, 55.719654, -4.799602, -38.77, -126, 248
4 00000000000000100000000000000000, 55.719654, -4.799602, -38.78, -119, 252
4 00000000000000100000000000000000, 55.719654, -4.799602, -38.69, -121, 251
4 00000000000000100000000000000000, 55.719654, -4.799602, -38.63, -123, 250
4 00000000000000100000000000000000, 55.719654, -4.799602, -38.56, -120, 253
4 00000000000000100000000000000000, 55.719654, -4.799602, -38.64, -122, 250
4 00000000000000100000000000000000, 55.719654, -4.799602, -38.68, -120, 253
4 00000000000000100000000000000000, 55.719654, -4.799602, -38.67, -120, 252
4 00000000000000100000000000000000, 55.719654, -4.799602, -38.67, -121, 251
4 00000000000000100000000000000000, 55.719654, -4.799602, -38.81, -118, 254
4 00000000000000100000000000000000, 55.719654, -4.799602, -38.68, -122, 251
4 00000000000000100000000000000000, 55.719654, -4.799602, -38.92, -127, 247
4 00000000000000100000000000000000, 55.719654, -4.799602, -38.92, -123, 251
4 00000000000000100000000000000000, 55.719654, -4.799602, -38.94, -121, 252
4 00000000000000100000000000000000, 55.719654, -4.799602, -38.87, -120, 251
4 00000000000000100000000000000000, 55.719654, -4.799602, -38.97, -118, 253
4 00000000000000100000000000000000, 55.719654, -4.799602, -38.97, -130, 243
4 00000000000000100000000000000000, 55.719654, -4.799602, -38.98, -127, 245
4 00000000000000100000000000000000, 55.719654, -4.799602, -38.85, -109, 6
4 00000000000000100000000000000000, 55.719654, -4.799602, -38.65, -108, 7
4 00000000000000100000000000000000, 55.719654, -4.799602, -38.90, -113, 2
4 00000000000000100000000000000000, 55.719654, -4.799602, -38.98, -113, 2
4 00000000000000100000000000000000, 55.719654, -4.799602, -39.09, -113, 2
4 00000000000000100000000000000000, 55.719654, -4.799602, -38.96, -109, 7
4 00000000000000100000000000000000, 55.719654, -4.799602, -39.15, -111, 5
4 00000000000000100000000000000000, 55.719654, -4.799602, -39.02, -110, 6
4 00000000000000100000000000000000, 55.719654, -4.799602, -39.21, -110, 5
4 00000000000000100000000000000000, 55.719654, -4.799602, -39.16, -111, 6
4 00000000000000100000000000000000, 55.719654, -4.799602, -39.07, -108, 7
4 00000000000000100000000000000000, 55.719654, -4.799602, -39.14, -109, 6
4 00000000000000100000000000000000, 55.719654, -4.799602, -39.03, -105, 9
4 00000000000000100000000000000000, 55.719654, -4.799602, -39.04, -113, 2
4 00000000000000100000000000000000, 55.719654, -4.799602, -38.97, -107, 7
4 00000000000000100000000000000000, 55.719654, -4.799602, -39.08, -113, 3
4 00000000000000100000000000000000, 55.719654, -4.799602, -39.20, -110, 6
4 00000000000000100000000000000000, 55.719654, -4.799602, -39.15, -112, 2
4 00000000000000100000000000000000, 55.719654, -4.799602, -39.19, -110, 7
4 00000000000000100000000000000000, 55.719654, -4.799602, -39.16, -107, 8
4 00000000000000100000000000000000, 55.719654, -4.799602, -39.40, -106, 10
4 00000000000000100000000000000000, 55.719654, -4.799602, -39.22, -104, 11
4 00000000000000100000000000000000, 55.719654, -4.799602, -39.34, -104, 10
4 00000000000000100000000000000000, 55.719654, -4.799602, -39.56, -105, 10
4 00000000000000100000000000000000, 55.719654, -4.799602, -39.58, -101, 12
4 00000000000000100000000000000000, 55.719654, -4.799602, -39.45, -94, 13
4 00000000000000100000000000000000, 55.719654, -4.799602, -39.74, -96, 13
4 00000000000000100000000000000000, 55.719654, -4.799602, -39.47, -92, 12
4 00000000000000100000000000000000, 55.719654, -4.799602, -39.60, -97, 12
4 00000000000000100000000000000000, 55.719654, -4.799602, -39.40, -94, 12
4 00000000000000100000000000000000, 55.719654, -4.799605, -39.46, -88, 13
